Date,High,Low,Open,Close,Volume,Adj Close,H-L,O-C,5MA,10MA,20MA,7SD,EMA8,EMA21,EMA34,EMA55,RSI_14
2021-01-29,266.55999755859375,254.85000610351562,265.29998779296875,265.0,30389500,258.3299865722656,11.709991455078125,6.970001220703125,271.1059997558594,268.284001159668,265.0370002746582,7.95660496779007,267.3010235200655,266.1129017739778,265.6503103833656,265.38419067240005,41.79043987384154
2021-02-01,264.1700134277344,254.91000366210938,259.5199890136719,258.3299865722656,22914300,262.010009765625,9.260009765625,-2.490020751953125,267.9059997558594,269.3490020751953,264.479500579834,8.742871029533648,266.1192099386577,265.68163415132744,265.35706177782254,265.1585528498299,45.38713516853297
2021-02-02,268.8500061035156,263.2699890136719,264.0,262.010009765625,17320800,267.0799865722656,5.58001708984375,-3.079986572265625,264.91199951171876,269.94700012207034,264.38649978637693,8.596150678524637,266.3335669155069,265.82656074748746,265.4926787279134,265.28316026873915,49.973315723644134
2021-02-03,269.20001220703125,263.8399963378906,265.6199951171875,267.0799865722656,14223400,266.6499938964844,5.360015869140625,-1.029998779296875,263.8139953613281,269.86399841308594,264.17049942016604,7.686865763836791,266.40410183417526,265.9108292585643,265.58185124274064,265.36929156047535,49.59293737315543
2021-02-04,268.1600036621094,264.0,267.010009765625,266.6499938964844,16060000,266.489990234375,4.160003662109375,0.52001953125,264.11199340820315,269.2259979248047,264.3294990539551,4.33275144219971,266.4232340967646,265.9694297013632,265.6504585778843,265.4380358281273,49.44212800249527
2021-02-05,269.1700134277344,265.6700134277344,266.79998779296875,266.489990234375,12454400,268.1000061035156,3.5,-1.300018310546875,266.0659973144531,268.58599853515625,264.2974998474121,3.465340986103357,266.79654746593167,266.1828128785256,265.8321706856309,265.597242660505,51.05500662891987
2021-02-08,269.8599853515625,265.0,268.75,268.1000061035156,13755200,266.5799865722656,4.8599853515625,2.170013427734375,266.97999267578126,267.4429962158203,264.2479988098145,3.5307266774841133,266.74835279956267,266.222226604483,265.8867156992649,265.65463569757463,49.451051815413244
2021-02-09,273.3900146484375,265.75,266.44000244140625,266.5799865722656,14613400,269.45001220703125,7.6400146484375,-3.010009765625,267.45399780273436,266.18299865722656,264.8784996032715,2.297909591864462,267.3494007736464,266.5398924763965,266.14257766370054,265.87137175966564,52.48629820211177
2021-02-10,273.79998779296875,267.7200012207031,272.45001220703125,269.45001220703125,14687200,271.8699951171875,6.079986572265625,0.58001708984375,268.497998046875,266.15599670410154,265.9174995422363,2.001998801114952,268.3548610247673,267.0605515027552,266.5478912990378,266.20675077112634,54.943015354819856
2021-02-11,273.5799865722656,268.489990234375,271.8900146484375,271.8699951171875,12828600,270.3900146484375,5.089996337890625,1.5,269.2780029296875,266.6949981689453,266.8550003051758,2.1268335467930157,268.8074267654591,267.3835944040016,266.81613320235624,266.43600446236275,53.133617609799636
2021-02-12,271.17999267578125,268.3399963378906,270.5199890136719,270.3900146484375,9097600,270.5,2.839996337890625,0.019989013671875,269.75800170898435,267.91199951171876,268.09800033569337,2.0642794387762744,269.1837542438906,267.6841270975233,267.07010758901635,266.6545502710969,53.256815535916544
2021-02-16,276.6000061035156,270.04998779296875,270.79998779296875,270.5,15417200,273.9700012207031,6.550018310546875,-3.170013427734375,271.2360046386719,269.1079986572266,269.22850036621094,2.4208537419507348,270.2478047145901,268.28697793542756,267.54025488820673,267.0409672639527,57.08935367168851
2021-02-17,273.9700012207031,269.5799865722656,271.239990234375,273.9700012207031,12763200,273.57000732421875,4.3900146484375,-2.33001708984375,272.06000366210935,269.7570007324219,269.8520004272461,2.5390179889835673,270.98630949764026,268.7911312666866,267.9466437686145,267.3800436023393,56.514134057336115
2021-02-18,271.95001220703125,266.0299987792969,269.57000732421875,273.57000732421875,15249100,269.3900146484375,5.920013427734375,0.17999267578125,271.5640075683594,270.0310028076172,269.94750061035154,1.8772798287975099,270.63148854392637,268.84802486472375,268.0429356152927,267.4827625406751,50.75848802800056
2021-02-19,270.2699890136719,260.1499938964844,269.8599853515625,269.3900146484375,25622600,261.55999755859375,10.1199951171875,8.29998779296875,269.7980041503906,269.5380035400391,269.3820007324219,4.159073480691561,268.615209339867,268.15848667004525,267.61453816508316,267.1846692730869,42.107456730776406
2021-02-22,263.07000732421875,257.5299987792969,257.95001220703125,261.55999755859375,17434900,260.3299865722656,5.540008544921875,-2.379974365234375,267.7640014648438,268.76100158691406,268.67350006103516,5.4604123935458135,266.77377004794124,267.4205458821636,267.1374337968584,266.8446422736172,40.9273961974634
2021-02-23,267.4599914550781,254.9600067138672,259.5,260.3299865722656,21924600,265.8599853515625,12.499984741210938,-6.3599853515625,266.1419982910156,268.6890014648437,268.06599884033204,5.471659988120206,266.57068287747336,267.2739339671578,267.0544598844624,266.7964674858075,47.98524800261247
2021-02-24,266.3800048828125,258.3900146484375,262.3299865722656,265.8599853515625,15736100,264.30999755859375,7.989990234375,-1.980010986328125,264.2899963378906,268.175,267.17899932861326,5.478389684099743,266.0682623659626,266.9963210655424,266.87758066983884,266.67640201877526,46.314944117665846
2021-02-25,266.94000244140625,254.0399932861328,262.29998779296875,264.30999755859375,19053100,254.69000244140625,12.900009155273438,7.6099853515625,261.34999389648436,266.4570007324219,266.3064987182617,6.189694159226133,263.53958010582164,265.84683343252186,266.09779500393546,266.1047954495894,37.57321471453258
2021-02-26,265.54998779296875,256.4700012207031,256.4700012207031,254.69000244140625,26619500,257.6199951171875,9.079986572265625,-1.149993896484375,260.56199340820314,265.17999877929685,265.93749847412107,5.007373167340347,262.2240439184826,265.0803091104125,265.55905292239055,265.70496037818253,41.21266943930994
2021-03-01,266.6499938964844,257.8999938964844,260.82000732421875,257.6199951171875,22157300,264.9100036621094,8.75,-4.089996337890625,261.4779968261719,264.6209991455078,266.2664993286133,4.105363963827065,262.8209495729813,265.0644769873079,265.5180700104737,265.66792167645866,49.15518710426555
2021-03-02,266.7099914550781,258.6499938964844,265.7799987792969,264.9100036621094,15191700,259.0,8.05999755859375,6.779998779296875,260.1059997558594,263.1239990234375,266.11599884033205,4.1940809072585665,261.971821219982,264.50186000500617,265.10895432039115,265.360592283674,43.96881570659251
2021-03-03,260.989990234375,255.10000610351562,260.2900085449219,259.0,15513500,255.41000366210938,5.889984130859375,4.8800048828125,258.3260009765625,261.30799865722656,265.5324996948242,4.699101972166328,260.513601542936,263.65995418153585,264.50359053171127,264.9066724425637,41.1299589770209
2021-03-04,266.489990234375,253.5,256.4700012207031,255.41000366210938,31626500,257.6400146484375,12.989990234375,-1.170013427734375,258.91600341796874,260.13299865722655,265.0820007324219,4.047515362904782,259.875013735282,263.10344882513397,264.07744463391083,264.5784370576475,43.56735874207535
2021-03-05,265.45001220703125,255.61000061035156,260.6700134277344,257.6400146484375,26820100,264.2799987792969,9.840011596679688,-3.6099853515625,260.2480041503906,260.4049987792969,264.971501159668,4.041069155693879,260.8539147311938,263.2120467780513,264.0899589361694,264.5650828563794,50.18142376738107
2021-03-08,265.5799865722656,255.0500030517578,265.54998779296875,264.2799987792969,18391800,255.30999755859375,10.529983520507812,10.239990234375,258.3280029296875,259.9029998779297,264.3320007324219,3.9342329646462226,259.6219180327108,262.4836861330752,263.55001608298824,264.15465333242855,42.8714416440702
2021-03-09,268.5299987792969,259.80999755859375,261.17999267578125,255.30999755859375,22039700,265.739990234375,8.720001220703125,-4.55999755859375,259.6760009765625,259.89100036621096,264.29000091552734,4.550797930246014,260.9815025977257,262.78345246764866,263.6841094290285,264.22435560758265,51.68466051791518
2021-03-10,268.9700012207031,262.8699951171875,268.6400146484375,265.739990234375,14210300,264.8999938964844,6.100006103515625,3.740020751953125,261.5739990234375,259.95,264.0625,4.549119145371355,261.8522849002139,262.97807195791506,263.7582556294639,264.25381815550986,51.00224536770534
2021-03-11,277.8999938964844,267.82000732421875,268.1099853515625,264.8999938964844,21834000,273.8800048828125,10.079986572265625,-5.77001953125,264.8219970703125,261.86900024414064,264.1630004882812,6.76384433434268,264.5251269813944,263.9794787164062,264.37313276884845,264.6702999591634,57.46758305569448
2021-03-12,269.739990234375,264.0199890136719,269.1400146484375,273.8800048828125,20600200,268.3999938964844,5.720001220703125,0.740020751953125,265.64599609375,262.94700012207034,264.0634994506836,6.274227705855177,265.38621238145925,264.3851449906323,264.61687820852023,264.83045765521126,52.881829117599615
2021-03-15,275.9599914550781,268.5,269.0799865722656,268.3999938964844,16844800,273.75,7.459991455078125,-4.670013427734375,269.33399658203126,263.83099975585935,264.2259994506836,6.374906973584319,267.24483833812036,265.24381002818365,265.1678388982852,265.2107257148888,56.5289137360024
2021-03-16,282.1400146484375,274.79998779296875,276.0799865722656,273.75,22437700,279.2799987792969,7.34002685546875,-3.20001220703125,272.0419982910156,265.85899963378904,264.49149932861326,7.819171800207618,269.9193256950896,266.52978596186233,266.0164619355199,265.80642141423385,59.97732438202204
2021-03-17,286.2300109863281,275.4100036621094,275.7099914550781,279.2799987792969,21315000,284.010009765625,10.82000732421875,-8.300018310546875,275.86400146484374,268.7190002441406,265.0134994506836,7.086595189775186,273.0505954319759,268.1301640787792,267.0952619902017,266.57209155240974,62.7026491780513
2021-03-18,285.19000244140625,278.2799987792969,279.8699951171875,284.010009765625,18728300,278.6199951171875,6.910003662109375,1.25,276.81199951171874,270.81699829101564,265.4749984741211,6.586901225793664,274.2882418385423,269.08992767839374,267.7842878555505,267.0756482070601,57.86699167489283
2021-03-19,292.79998779296875,281.20001220703125,281.2200012207031,278.6199951171875,38930500,290.1099853515625,11.5999755859375,-8.889984130859375,281.15399780273435,273.3999969482422,266.90249786376955,7.204065754586696,277.8041893313808,271.01202532449804,269.11554817912804,268.0325761395705,64.20442475893103
2021-03-22,299.7099914550781,286.75,290.45001220703125,290.1099853515625,28273100,293.5400085449219,12.959991455078125,-3.089996337890625,285.11199951171875,277.222998046875,268.56299896240233,8.842862233644503,281.3010415187144,273.07091398207274,270.5683438142103,269.08610392422077,65.85552498808173
2021-03-23,298.0,289.80999755859375,293.1499938964844,293.5400085449219,23000900,290.6300048828125,8.19000244140625,2.519989013671875,287.3820007324219,279.7119995117188,269.80149993896487,7.394237108963649,283.3741460900286,274.674907777405,271.7588512283795,269.97098172301395,63.1924085075823
2021-03-24,291.7200012207031,281.1600036621094,291.0,290.6300048828125,18675000,282.1400146484375,10.55999755859375,8.8599853515625,287.00800170898435,281.4360015869141,270.69300079345703,5.940524381099809,283.09989449378014,275.3565334905195,272.37354248600695,270.4681390808063,56.06854527898078
2021-03-25,288.05999755859375,277.75,280.9800109863281,282.1400146484375,24505600,278.739990234375,10.30999755859375,2.240020751953125,287.03200073242186,281.9220001220703,271.89550018310547,6.037113156268081,282.131026427801,275.66534768466283,272.74973523750293,270.80435165539495,53.4689151290656
2021-03-26,284.5,277.7699890136719,278.29998779296875,278.739990234375,17629200,283.0199890136719,6.730010986328125,-4.720001220703125,285.61400146484374,283.3839996337891,273.1654998779297,6.086459625589751,282.32857374090946,276.33637566281686,273.35542418962996,271.29842461572196,56.220657700320835
2021-03-29,293.17999267578125,284.70001220703125,285.7699890136719,283.0199890136719,21718800,290.82000732421875,8.47998046875,-5.050018310546875,285.07000122070315,285.09100036621095,274.4610000610352,5.596141802733782,284.21555951510317,277.6574080777182,274.3835155471318,272.08427504394945,60.77348344093336
2021-03-30,292.4700012207031,286.70001220703125,289.8299865722656,290.82000732421875,17474500,288.0,5.769989013671875,1.829986572265625,284.54400024414065,285.96300048828124,275.91100006103517,5.455773762966845,285.0565464744416,278.6004593755177,275.18370025081276,272.7220736254954,58.408505016200266
2021-03-31,296.5,288.6099853515625,289.989990234375,288.0,19498200,294.5299987792969,7.8900146484375,-4.540008544921875,287.0219970703125,287.01499938964844,277.8669998168945,5.67125472568978,287.1617584577728,280.0525406662989,276.3187602966362,273.59220015347296,62.08760677772843
2021-04-01,302.3999938964844,296.6000061035156,298.3999938964844,294.5299987792969,17616000,298.6600036621094,5.79998779296875,-0.260009765625,291.00599975585936,289.0190002441406,279.9179992675781,7.1776918875743805,289.71692439861016,281.7483125639252,277.62753617617847,274.5882257438102,64.24203585609906
2021-04-05,310.7699890136719,300.67999267578125,300.8900146484375,298.6600036621094,28237000,308.9100036621094,10.089996337890625,-8.019989013671875,296.1840026855469,290.8990020751953,282.1494995117188,10.085605984281466,293.9820535650837,284.2231086738116,279.4574673182026,275.94648311525816,68.95694605227357
2021-04-06,311.3500061035156,305.25,308.8399963378906,308.9100036621094,17335200,306.260009765625,6.100006103515625,2.579986572265625,299.2720031738281,292.17100219726564,284.69700012207034,9.487032170978296,296.71048849585986,286.2305570547042,281.02321591399533,277.14150439874214,66.51505498181342
2021-04-07,314.25,305.5,306.3399963378906,306.260009765625,22855200,313.0899963378906,8.75,-6.75,304.2900024414063,294.41700134277346,287.0645004272461,9.573420191041851,300.35037935522206,288.6768594254225,282.894104818423,278.55343245803897,69.51173666871425
2021-04-08,315.8800048828125,310.04998779296875,314.8500061035156,313.0899963378906,20894100,313.0199890136719,5.83001708984375,1.83001708984375,307.9880004882813,297.5049987792969,289.47050018310546,9.687034300804475,303.1658483052584,290.89360720194315,284.649647183554,279.9023503747075,69.44313595082791
2021-04-09,314.739990234375,310.3299865722656,311.3999938964844,313.0199890136719,15988600,312.4599914550781,4.410003662109375,-1.05999755859375,310.747998046875,300.8769989013672,291.3994995117188,7.436171346904948,305.2312135278567,292.85719607443053,286.26842445817,281.1722126636238,68.85773878332287
2021-04-12,312.1499938964844,307.92999267578125,311.04998779296875,312.4599914550781,10881900,311.5400085449219,4.220001220703125,-0.490020751953125,311.2739990234375,303.7290008544922,293.55650024414064,5.253832043649142,306.63316801737585,294.558002542085,287.73786146377665,282.35278015118905,67.84587270986039
2021-04-13,314.42999267578125,309.32000732421875,312.2099914550781,311.5400085449219,14036900,309.760009765625,5.1099853515625,2.449981689453125,311.9739990234375,305.6230010986328,295.35700073242185,2.539553676865269,307.328021755123,295.9417553458244,289.017074353426,283.41489600753687,65.830199709143
2021-04-14,308.0299987792969,301.95001220703125,307.29998779296875,309.760009765625,17421400,302.82000732421875,6.079986572265625,4.47998046875,309.9200012207031,307.10500183105466,296.534001159668,3.9270751635393,306.3262407526327,296.5677715979849,289.818096339809,284.16462644338344,58.52902804486338
2021-04-15,310.1400146484375,304.1000061035156,306.3399963378906,302.82000732421875,14558300,307.82000732421875,6.040008544921875,-1.480010986328125,308.8800048828125,308.4340026855469,297.72450103759763,3.728643518444138,306.6581888842509,297.5917737057561,290.86186768353616,285.0759068562052,61.81494004429723
2021-04-16,308.95001220703125,304.6099853515625,308.1700134277344,307.82000732421875,13059200,306.17999267578125,4.34002685546875,1.990020751953125,307.62400512695314,309.1860015869141,299.10250091552734,3.7113971913073263,306.5519230590014,298.37326434511726,291.74928614374153,285.8866260573881,60.13195806257399
2021-04-19,307.70001220703125,300.55999755859375,305.010009765625,306.17999267578125,14553500,302.239990234375,7.1400146484375,2.77001953125,305.7640014648438,308.5190002441406,299.709001159668,4.029703408864719,305.593715756609,298.7250891565488,292.3565600929257,286.51315275341324,56.174990681229374
2021-04-20,305.1000061035156,297.2099914550781,301.989990234375,302.239990234375,16796400,302.6499938964844,7.8900146484375,-0.660003662109375,304.3419982910156,308.1579986572266,300.1645004272461,3.730527855827264,304.9395553389837,299.08217943280385,292.9519716944061,287.12978236424215,56.49581265990662
2021-04-21,301.9800109863281,297.3900146484375,301.95001220703125,302.6499938964844,14863500,301.4700012207031,4.589996337890625,0.480010986328125,304.0719970703125,306.9959991455078,300.7065002441406,3.208055794898502,304.16854330879,299.29940940654905,293.44434198187975,287.6763929130885,55.24240898430121
2021-04-22,302.9200134277344,296.0400085449219,301.3299865722656,301.4700012207031,16375400,296.5199890136719,6.8800048828125,4.80999755859375,301.81199340820314,305.3459991455078,301.42549896240234,3.6094169376381613,302.4688645698389,299.0465705369092,293.622007216494,288.0126788926562,50.209993282262666
2021-04-23,302.5899963378906,297.1499938964844,298.760009765625,296.5199890136719,17536800,301.1300048828125,5.44000244140625,-2.3699951171875,300.8019958496094,304.21300048828124,302.54499969482424,3.6650622699290927,302.1713401940316,299.23608560674035,294.0554381586076,288.51032704601204,54.37826948192292
2021-04-26,305.79998779296875,301.55999755859375,303.3399963378906,301.1300048828125,16172600,303.0400085449219,4.239990234375,0.29998779296875,300.9619995117188,303.3630004882813,303.5460006713867,2.8872608196604475,302.36437760580105,299.5820825848504,294.5738065520263,289.06033428355687,56.0210357029306
2021-04-27,305.3399963378906,301.1099853515625,304.2799987792969,303.0400085449219,15309300,303.57000732421875,4.230010986328125,0.709991455078125,301.1460021972656,302.74400024414064,304.1835006713867,2.361598219838318,302.63229532150206,299.9447982701854,295.0925593314381,289.60841136620417,56.48923001246096
2021-04-28,310.9200134277344,305.3699951171875,307.3599853515625,303.57000732421875,33907200,307.1000061035156,5.550018310546875,0.259979248046875,302.2720031738281,303.1720001220703,305.1385009765625,3.1815742115564296,303.62511994116005,300.595560521327,295.784590885103,290.2677676635561,59.576003426568505
2021-04-29,331.80999755859375,321.6099853515625,330.1199951171875,307.1000061035156,56526800,329.510009765625,10.20001220703125,0.6099853515625,308.87000732421876,305.34100036621095,306.8875015258789,10.821959305151692,309.3773176863864,303.22520777211315,297.7273525916911,291.7441027407813,72.77882809783843
2021-04-30,329.82000732421875,324.5,326.1400146484375,329.510009765625,26332400,325.0799865722656,5.32000732421875,1.060028076171875,313.6600036621094,307.2309997558594,308.20850067138673,12.677322515351893,312.8667996640725,305.2127348325233,299.3022800730144,292.99584750373776,68.04744426019123
2021-05-03,328.54998779296875,321.8399963378906,326.1700134277344,325.0799865722656,18719500,322.5799865722656,6.709991455078125,3.59002685546875,317.5679992675781,309.26499938964844,308.89199981689455,12.069036229773614,315.0252856451366,306.79210252019277,300.6419949438628,294.1046813258698,65.46110697345128
2021-05-04,322.19000244140625,313.1199951171875,320.0199890136719,322.5799865722656,24032600,318.3599853515625,9.07000732421875,1.660003662109375,320.5259948730469,310.83599853515625,309.4969985961914,10.911920283886605,315.7663300247337,307.8440471028412,301.66130972748635,295.01218374351356,61.230539010245046
2021-05-05,321.05999755859375,314.489990234375,318.19000244140625,318.3599853515625,15577600,315.0199890136719,6.57000732421875,3.170013427734375,322.1099914550781,312.1909973144531,309.59349822998047,9.454834081169766,315.6004764666518,308.4965852771318,302.4295362774558,295.7594970432864,58.03374937520445
2021-05-06,320.239990234375,313.2699890136719,314.5199890136719,315.0199890136719,19012200,320.0199890136719,6.970001220703125,-5.5,320.2119873046875,314.54099731445314,309.9434982299805,7.257498315014811,316.58259036630335,309.54442993740963,303.4407533607299,296.66417204486845,61.2917987617353
2021-05-07,322.94000244140625,318.75,322.3800048828125,320.0199890136719,15916700,319.0799865722656,4.19000244140625,3.300018310546875,319.0119873046875,316.33599548339845,310.27449798583984,4.794733788112525,317.1375673010996,310.41149619006086,304.339492246966,297.4987438391935,60.34331410005532
2021-05-10,314.5799865722656,304.8299865722656,314.3500061035156,319.0799865722656,24239200,305.9700012207031,9.75,8.3800048828125,315.689990234375,316.6289947509766,309.9959976196289,6.192447185152944,314.6558859494208,310.0076403064205,304.4331622524318,297.8136627113844,48.96300799475625
2021-05-11,306.8399963378906,299.69000244140625,300.75,305.9700012207031,18920100,306.5299987792969,7.149993896484375,-5.779998779296875,313.32399291992186,316.92499389648435,309.8344970703125,6.619897962150855,312.85013324467735,309.6914315608906,304.553585208541,298.1372197604592,49.401970073325465
2021-05-12,304.9599914550781,298.19000244140625,301.1300048828125,306.5299987792969,24645500,302.54998779296875,6.769989013671875,-1.41998291015625,310.8299926757812,316.46999206542966,309.82099609375,7.278056568904117,310.56121203291895,309.0420982952473,304.43855016842195,298.3007950136786,46.35069735064608
2021-05-13,308.8599853515625,302.7699890136719,306.0799865722656,302.54998779296875,18079200,305.260009765625,6.089996337890625,0.819976806640625,307.87799682617185,314.0449920654297,309.6929962158203,7.205265486405836,309.38316708452425,308.69821857442776,304.4857008576591,298.55841464612286,48.675236883717666
2021-05-14,316.8500061035156,309.0799865722656,309.5400085449219,305.260009765625,19245700,315.94000244140625,7.77001953125,-6.399993896484375,307.25,313.13099365234376,310.1809967041016,7.306310761678975,310.84024160837885,309.3566556719587,305.14299440202115,299.2010167215622,56.64731710921109
2021-05-17,315.67999267578125,311.5799865722656,313.54998779296875,315.94000244140625,15401300,315.4599914550781,4.100006103515625,-1.910003662109375,309.147998046875,312.418994140625,310.84199676513674,6.502616493923417,311.86685268547956,309.91157571703513,305.734882148444,299.8013614573578,56.224613369073445
2021-05-18,316.5,309.80999755859375,315.5899963378906,315.4599914550781,14522400,309.9599914550781,6.69000244140625,5.6300048828125,309.83399658203126,311.57899475097656,311.2074966430664,5.187099119336464,311.44310574537224,309.915977662212,305.97722225104536,300.1760045090853,51.48409310850209
2021-05-19,314.6600036621094,303.57000732421875,304.19000244140625,309.9599914550781,19106200,313.5899963378906,11.089996337890625,-9.399993896484375,312.0419982910156,311.4359954833984,311.8134963989258,5.290303852625672,311.92019254372553,310.25001484926906,306.4137755125757,300.6701273359178,54.22716115292865
2021-05-20,319.25,313.1600036621094,313.5799865722656,313.5899963378906,17320200,318.6099853515625,6.089996337890625,-5.029998779296875,314.7119934082031,311.2949951171875,312.9179962158203,5.938838741331768,313.40681316772776,311.0100855790664,307.11302390204185,301.33022597534745,57.78207856103369
2021-05-21,319.92999267578125,315.80999755859375,319.2900085449219,318.6099853515625,13600900,316.2300109863281,4.1199951171875,3.05999755859375,314.7699951171875,311.00999755859374,313.6729965209961,4.541550308553849,314.03419046076266,311.48466592275133,307.6356309305423,301.8778729659174,55.57823572981519
2021-05-24,325.95001220703125,318.0299987792969,318.2099914550781,316.2300109863281,16445400,324.6300048828125,7.920013427734375,-6.420013427734375,316.6039978027344,312.87599792480466,314.75249633789065,4.529354735523019,316.3888158879217,312.6797921350105,308.60961339052017,302.7132661010019,61.2026906592493
2021-05-25,329.17999267578125,324.79998779296875,327.0799865722656,324.6300048828125,16437000,327.7900085449219,4.3800048828125,-0.71002197265625,320.1700012207031,315.0019989013672,315.96349639892577,6.242826215821421,318.92241425617476,314.0535478598428,309.7086952533527,303.6330898322777,63.09570892151541
2021-05-26,329.8299865722656,325.82000732421875,328.3500061035156,327.7900085449219,9686900,327.6600036621094,4.009979248046875,0.69000244140625,322.9840026855469,317.51300048828125,316.99149627685546,7.053336055993675,320.8641007908453,315.29057999288733,310.7371835035263,304.51355489349805,62.95960458915291
2021-05-27,333.7799987792969,326.760009765625,328.0,327.6600036621094,20477700,332.75,7.019989013671875,-4.75,325.8120056152344,320.2619995117187,317.1534957885742,7.024038757730509,323.50541172623247,316.87789518747064,311.998179021375,305.5473159340919,66.04765505357432
2021-05-28,332.8699951171875,328.3299865722656,331.0,332.75,12037400,328.7300109863281,4.540008544921875,2.269989013671875,328.3120056152344,321.54100036621094,317.3359970092773,5.865678850304931,324.6664337840382,317.95541900636556,312.95651957796065,306.3952944583313,61.67439077679127
2021-06-01,331.4200134277344,326.6400146484375,330.1499938964844,328.7300109863281,11765900,329.1300048828125,4.779998779296875,1.019989013671875,329.2120056152344,322.9080017089844,317.6634979248047,5.206463712407479,325.6583384726591,318.97134080217694,313.8827562264069,307.22616885770117,61.9444009107766
2021-06-02,331.8699951171875,327.1199951171875,330.3800048828125,329.1300048828125,11654300,329.1499938964844,4.75,1.230010986328125,329.4840026855469,324.827001953125,318.20299835205077,2.418843742301365,326.4342619001785,319.89671459678203,314.7569829967878,308.026741964339,61.95882430958039
2021-06-03,327.3800048828125,323.4800109863281,325.7799987792969,329.1499938964844,12610800,326.0400085449219,3.899993896484375,-0.260009765625,329.1600036621094,326.07200317382814,318.7539993286133,2.0719768212079224,326.3466500434546,320.4552187419371,315.4029906023657,308.68398962853286,58.259139101824175
2021-06-04,332.4599914550781,325.17999267578125,325.8999938964844,326.0400085449219,13289400,330.3500061035156,7.279998779296875,-4.45001220703125,328.6800048828125,327.2460052490234,319.27050018310547,2.100028353621253,327.23628472347,321.3547783632359,316.2586834895462,309.4739044192782,61.67461695128605
2021-06-07,337.69000244140625,328.92999267578125,329.4800109863281,330.3500061035156,20136700,336.5799865722656,8.760009765625,-7.0999755859375,330.25,329.2810028076172,320.14550018310547,3.383546593280644,329.3126629120946,322.73893505750465,317.4219230167638,310.46142180966046,66.00476250474084
2021-06-08,338.29998779296875,332.239990234375,336.70001220703125,336.5799865722656,14580500,333.67999267578125,6.05999755859375,3.02001953125,331.1599975585938,330.1860015869141,321.5309997558594,3.5076397331202687,330.2831806373595,323.7336072701511,318.3524808360628,311.30670470675915,62.466745215614765
2021-06-09,336.79998779296875,330.0,335.739990234375,333.67999267578125,13727900,330.25,6.79998779296875,5.489990234375,331.3799987792969,330.4320007324219,322.71699981689454,3.424210826393733,330.2758071623907,324.32602318338144,319.0333913715586,311.99586786731857,58.47437283224332
2021-06-10,333.94000244140625,328.54998779296875,330.7900085449219,330.25,13240200,332.4599914550781,5.3900146484375,-1.66998291015625,332.66399536132815,330.91199951171876,324.2125,3.3944438965817154,330.761181449655,325.06549365201886,319.80174524347876,312.73986372180366,60.237711075970964
2021-06-11,332.8299865722656,328.92999267578125,332.5799865722656,332.4599914550781,13587900,331.260009765625,3.899993896484375,1.319976806640625,332.84599609375,330.76300048828125,325.5125,3.271906840138935,330.8720321865373,325.6286445015185,320.45740399498334,313.4127522480938,58.77820976698239
2021-06-14,336.82000732421875,329.80999755859375,331.8999938964844,331.260009765625,12250800,336.7699890136719,7.010009765625,-4.8699951171875,332.8839965820313,331.56699829101564,326.55399932861326,2.750095646728844,332.1826892592345,326.64151529286664,321.390760731383,314.2608612058455,63.18861244338343
2021-06-15,339.9200134277344,335.0299987792969,336.989990234375,336.7699890136719,15795200,336.75,4.8900146484375,0.239990234375,333.497998046875,332.32899780273436,327.6184997558594,2.7666711823652808,333.19764720162726,327.5604860085075,322.26950478089236,315.0769628083184,63.16221056656764
2021-06-16,337.54998779296875,328.7200012207031,336.70001220703125,336.75,17232200,331.0799865722656,8.829986572265625,5.620025634765625,333.66399536132815,332.5219970703125,328.67449951171875,2.6796340117816406,332.7270559506579,327.88044616345036,322.7735413000765,315.6573583434745,56.01293967296152
2021-06-17,337.9800109863281,330.1499938964844,330.489990234375,331.0799865722656,17794100,336.510009765625,7.83001708984375,-6.02001953125,334.4739990234375,333.5689971923828,329.8205001831055,2.9660740335494937,333.5677123539841,328.664964334902,323.5593355196224,316.4132210974711,60.61106639290341
2021-06-18,336.1499938964844,329.0,334.5299987792969,336.510009765625,23039500,329.6600036621094,7.149993896484375,4.8699951171875,334.15399780273435,333.4999969482422,330.3730010986328,3.0826580390435447,332.6993326446785,328.7554237542596,323.9083023627145,316.8931317929649,53.07385664315792
2021-06-21,332.9200134277344,327.6499938964844,331.0899963378906,329.6600036621094,11337500,332.2900085449219,5.27001953125,-1.20001220703125,333.25800170898435,333.0709991455078,331.1760009765625,3.092855508555104,332.6083717336214,329.0767538381857,324.38771973359576,317.45065044758724,55.36867711495828
2021-06-22,339.9200134277344,332.6000061035156,332.69000244140625,332.2900085449219,15345300,339.0299987792969,7.32000732421875,-6.339996337890625,333.71400146484376,333.6059997558594,331.89600067138673,3.5292295900239496,334.0353999659939,329.9816050235043,325.22518352080084,318.231648456006,60.6760368879708
2021-06-23,343.4200134277344,338.20001220703125,339.3500061035156,339.0299987792969,14817800,340.5899963378906,5.220001220703125,-1.239990234375,335.6160034179687,334.63999938964844,332.53600006103517,4.16211880352177,335.4919769375266,330.9460146364411,326.1039268214131,319.04045364079326,61.808071465812205
2021-06-24,344.8999938964844,341.7900085449219,341.8500061035156,340.5899963378906,12329100,343.17999267578125,3.1099853515625,-1.329986572265625,336.95,335.7119995117188,333.31199951171874,5.1673812215023585,337.2004248793611,332.05820536417093,327.0804920631715,319.9132909598808,63.67761951174357
2021-06-25,344.1199951171875,339.67999267578125,342.5899963378906,343.17999267578125,14594400,341.3699951171875,4.44000244140625,1.220001220703125,339.2919982910156,336.722998046875,333.7429992675781,4.978543501433461,338.12699604332255,332.904739251701,327.8976584129161,320.6887782597705,61.41504274857621
2021-06-28,358.1400146484375,341.7699890136719,342.4599914550781,341.3699951171875,29156100,355.6400146484375,16.370025634765625,-13.180023193359375,343.9619995117188,338.61000061035156,335.08849945068357,8.404416196241415,342.01877795557044,334.97159921943063,329.4840768523326,321.9514443691628,70.35759049259025
2021-06-29,356.739990234375,349.04998779296875,356.2699890136719,355.6400146484375,21417300,351.8900146484375,7.69000244140625,4.379974365234375,346.53400268554685,340.12400207519534,336.2264999389648,7.921357348796997,344.212386109541,336.5096483169388,330.76528493677006,323.0325746922646,66.0269150802129
2021-06-30,352.9200134277344,347.1700134277344,352.1700134277344,351.8900146484375,15107500,347.7099914550781,5.75,4.46002197265625,347.9580017089844,341.78700256347656,337.15449981689454,6.282599934626588,344.9896317418826,337.5278681490499,331.7341733370065,323.923362288125,61.483958322827405
2021-07-01,354.6700134277344,346.5,346.82000732421875,347.7099914550781,17137000,354.3900146484375,8.170013427734375,-7.57000732421875,350.20000610351565,343.5750030517578,338.57200012207034,6.2756128236373225,347.07860572111707,339.06079989158417,333.029573725119,325.022704495476,65.56189774322674
2021-07-02,356.44000244140625,352.6199951171875,355.1000061035156,354.3900146484375,11521300,354.70001220703125,3.82000732421875,0.399993896484375,352.8660095214844,346.07900390625,339.7895004272461,5.813758087633228,348.7722516068758,340.4825543353324,334.26858871054577,326.0931692302045,65.74316167103837
2021-07-06,358.7900085449219,349.17999267578125,356.5,354.70001220703125,13488500,352.7799987792969,9.610015869140625,3.720001220703125,352.29400634765625,348.1280029296875,340.59950103759763,5.06492457574107,349.66286208963595,341.60050945573226,335.3269507359039,327.0554245641746,63.51335155289945
2021-07-07,356.489990234375,350.0,355.260009765625,352.7799987792969,14218900,350.489990234375,6.489990234375,4.77001953125,352.0140014648438,349.2740020751953,341.4400009155273,2.759990157611633,349.84666834402236,342.4086477688011,336.1938481500573,327.90012225207147,60.86191973859848
2021-07-08,348.3299865722656,342.55999755859375,345.7300109863281,350.489990234375,14406500,345.6499938964844,5.769989013671875,0.08001708984375,351.602001953125,349.7800018310547,342.2100006103516,3.3861601400204964,348.9140740223472,342.70331682401184,336.73445687840234,328.5397039573964,55.58072420761337
2021-07-09,350.7099914550781,345.2699890136719,345.32000732421875,345.6499938964844,13018700,350.4200134277344,5.44000244140625,-5.100006103515625,350.80800170898436,350.50400390625,343.1080017089844,3.3736292939468404,349.24872722354434,343.40483734923083,337.51684010556755,329.3278666394779,59.32662774363505
2021-07-12,354.19000244140625,349.6400146484375,351.2300109863281,350.4200134277344,10018600,353.1600036621094,4.54998779296875,-1.92999267578125,350.5,351.68300476074216,344.20300140380857,3.1418040737109276,350.11789976544776,344.29167369836006,338.41111389507273,330.1860734800376,61.343247526179816
2021-07-13,358.489990234375,348.79998779296875,351.5,353.1600036621094,11456000,352.0899963378906,9.69000244140625,-0.589996337890625,350.36199951171875,351.3280029296875,344.96900177001953,2.9206760285473585,350.5561434482129,345.0006143351816,339.1930765615167,330.97461082597334,60.090278098280805
2021-07-14,355.20001220703125,346.7300109863281,354.55999755859375,352.0899963378906,13894200,347.6300048828125,8.470001220703125,6.92999267578125,349.7900024414063,350.902001953125,345.5130020141602,2.7789079029371297,349.9058904336794,345.2396505184711,339.67536832789193,331.57403090726655,55.04352659411331
2021-07-15,349.2300109863281,340.2200012207031,349.2300109863281,347.6300048828125,14781600,344.4599914550781,9.010009765625,4.77001953125,349.552001953125,350.577001953125,346.18200225830077,3.2834333975482757,348.69569066065696,345.1687722387781,339.94887245043867,332.037663165616,51.71871391155192
2021-07-16,345.989990234375,340.1400146484375,344.9100036621094,344.4599914550781,11026100,341.1600036621094,5.8499755859375,3.75,347.7,349.2540008544922,346.414501953125,4.356885024918072,347.0210935498687,344.8043378763198,340.0181031190105,332.3657946466469,48.438603517681884
2021-07-19,339.7900085449219,334.5400085449219,337.57000732421875,341.1600036621094,14372300,336.95001220703125,5.25,0.6199951171875,344.4580017089844,347.4790008544922,346.7790023803711,6.001486300502095,344.7830754736826,344.0903067462513,339.8427282963155,332.5306472299321,44.556185355752625
2021-07-20,343.45001220703125,334.5,338.79998779296875,336.95001220703125,11024300,341.6600036621094,8.95001220703125,-2.860015869140625,342.37200317382815,346.36700134277345,347.2475021362305,5.973966713661628,344.08905951555516,343.8693696736129,339.94660350912505,332.8588661486949,49.43879187621712
2021-07-21,346.5199890136719,341.25,341.5,341.6600036621094,9279700,346.2300109863281,5.269989013671875,-4.730010986328125,342.0920043945313,345.9410034179688,347.60750274658204,4.939198290948069,344.56482650906025,344.0839738078046,340.30575611808524,333.3394717194781,53.699356087193976
2021-07-22,351.5400085449219,345.2099914550781,346.67999267578125,346.2300109863281,12385400,351.19000244140625,6.33001708984375,-4.510009765625,343.43800659179686,346.49500427246096,348.1375030517578,4.7093352995025635,346.03708782735936,344.7299774466191,340.9278776018643,333.98093501438876,57.85070035623949
2021-07-23,375.3299865722656,357.19000244140625,360.9100036621094,351.19000244140625,33694300,369.7900085449219,18.139984130859375,-8.8800048828125,349.16400756835935,348.4320037841797,349.46800384521487,10.85324814603992,351.3155146534844,347.0081654125529,342.57755363253057,335.26745876903317,69.05546090875232
2021-07-26,374.44000244140625,368.2200012207031,369.5799865722656,369.7900085449219,14925200,372.4599914550781,6.220001220703125,-2.8800048828125,356.26600341796876,350.36200256347655,351.0225036621094,14.241940584822071,356.0142872760608,349.3219708460086,344.28552311140265,336.6034019013902,70.2769393958118
2021-07-27,373.1499938964844,364.54998779296875,371.9100036621094,372.4599914550781,15705400,367.80999755859375,8.600006103515625,4.100006103515625,361.4960021972656,351.9340026855469,351.63100280761716,14.621378783616738,358.63555622773487,351.00270257177687,345.63007687986277,337.7241020471842,65.43270381380255
2021-07-28,377.54998779296875,366.92999267578125,374.55999755859375,367.80999755859375,29676900,373.2799987792969,10.6199951171875,1.279998779296875,366.9059997558594,354.49900207519534,352.7005020141602,13.485779955510738,361.88987679474866,353.0279135357213,347.21040275274567,339.000742757667,68.2088267572399
2021-07-29,365.5199890136719,356.739990234375,361.0,373.2799987792969,33413200,358.32000732421875,8.779998779296875,2.67999267578125,368.3320007324219,355.8850036621094,353.2310028076172,10.85122413899162,361.0965724679643,353.5090134499956,347.84536244108597,339.69427195390693,55.16110109341288
2021-07-30,360.7300109863281,352.94000244140625,354.0,358.32000732421875,15976200,356.29998779296875,7.790008544921875,-2.29998779296875,365.6339965820313,357.3990020751953,353.3265014648438,8.767266095929472,360.03066476240974,353.76273861989745,348.32857368179197,340.29027961438317,53.668236329672204
2021-08-02,359.3999938964844,350.739990234375,358.1000061035156,356.29998779296875,13180400,351.95001220703125,8.660003662109375,6.149993896484375,361.53200073242186,358.8990020751953,353.1890014648437,8.582575997966199,358.2349641945479,353.5979451740508,348.5355492892649,340.7086932019708,50.49878282289956
2021-08-03,353.7699890136719,347.70001220703125,352.7300109863281,351.95001220703125,12406100,351.239990234375,6.069976806640625,1.490020751953125,358.21799926757814,359.85700073242185,353.1120010375977,9.418269012840167,356.68052553673175,353.3835854737462,348.690114304954,341.0865478467566,49.97994398301293
2021-08-04,360.4800109863281,351.510009765625,352.4200134277344,351.239990234375,14180600,358.9200134277344,8.970001220703125,-6.5,355.34600219726565,361.1260009765625,353.53350219726565,8.122955445315377,357.17818951251013,353.8868974481641,349.2747710315742,341.72629303790677,55.32653136999321
2021-08-05,363.8999938964844,356.8999938964844,359.6400146484375,358.9200134277344,10247200,362.9700012207031,7.0,-3.329986572265625,356.2760009765625,362.3040008544922,354.3995025634766,7.498423734376348,358.4652587809975,354.71263466519196,350.057470555982,342.4882537120055,57.88314053451627
2021-08-06,365.1499938964844,361.3999938964844,361.3999938964844,362.9700012207031,8925000,363.510009765625,3.75,-2.110015869140625,357.71800537109374,361.6760009765625,355.0540023803711,4.831978169891269,359.5863145553592,355.51239648739187,350.8262935349225,343.24213792174845,58.22642010899398
2021-08-09,365.7799987792969,360.75,363.760009765625,363.510009765625,7798900,361.6099853515625,5.029998779296875,2.1500244140625,359.65,360.59100036621095,355.47650146484375,5.067773183583687,360.03601917673774,356.06672303096076,351.4425849525779,343.9007500597735,56.48202260495623
2021-08-10,364.1000061035156,359.0400085449219,361.8299865722656,361.6099853515625,7469900,361.1300048828125,5.05999755859375,0.699981689453125,361.6280029296875,359.9230010986328,355.92850189208986,5.114979851352328,360.2791271114211,356.527021594905,351.9962199525477,344.51844788861007,56.025397921265785
2021-08-11,362.3599853515625,357.80999755859375,362.1000061035156,361.1300048828125,8400300,359.9599914550781,4.54998779296875,2.1400146484375,361.83599853515625,358.59100036621095,356.5450012207031,4.140321106406559,360.20820807667826,356.8391098957778,352.4513454299156,345.0719772004239,54.86109606986701
2021-08-12,363.0,357.1099853515625,358.45001220703125,359.9599914550781,7170700,362.6499938964844,5.8900146484375,-4.199981689453125,361.7719970703125,359.0239990234375,357.4545013427734,1.6679103909314417,360.75082714774635,357.3673722804208,353.0341891195581,345.7020086893313,57.07005422848452
2021-08-13,364.6600036621094,361.4800109863281,362.9700012207031,362.6499938964844,7195700,363.17999267578125,3.17999267578125,-0.209991455078125,361.70599365234375,359.7119995117188,358.55550079345704,1.2884630282486527,361.29064170953194,357.89579250074553,353.61400914366664,346.32837480109674,57.51123589580103
2021-08-16,366.95001220703125,357.3800048828125,362.5199890136719,363.17999267578125,11222100,366.55999755859375,9.57000732421875,-4.040008544921875,362.69599609375,361.172998046875,360.03600006103517,2.1188202198542,362.4616096759902,358.68344775585746,354.35385187915824,347.0533349846236,60.31240327739022
2021-08-17,364.6700134277344,355.07000732421875,362.9800109863281,366.55999755859375,12328700,358.45001220703125,9.600006103515625,4.529998779296875,362.1599975585938,361.8940002441406,360.87550048828126,2.5900859760144033,361.5701435717771,358.6622263362081,354.5879396535183,347.46166388689164,51.53346955667356
2021-08-18,359.8599853515625,355.1499938964844,356.25,358.45001220703125,10042400,355.45001220703125,4.709991455078125,0.79998779296875,361.25800170898435,361.5470001220703,361.3365005493164,3.5770358530566098,360.2101143796114,358.37020679336405,354.6372052025957,347.7478438017393,48.70904106398324
2021-08-19,357.57000732421875,351.0,351.3500061035156,355.45001220703125,12004500,355.1199951171875,6.57000732421875,-3.769989013671875,359.752001953125,360.7619995117187,361.53300018310546,4.219422586729923,359.07897676573947,358.0747329342018,354.66479544728173,348.01191951546747,48.3948166615777
2021-08-20,359.989990234375,353.30999755859375,354.6000061035156,355.1199951171875,8697700,359.3699951171875,6.67999267578125,-4.769989013671875,358.99000244140626,360.347998046875,361.0119995117187,4.230793461980628,359.14364751050573,358.19248406725785,354.9336846708997,348.4187305819685,52.63267443134907
2021-08-23,365.69000244140625,359.1000061035156,359.44000244140625,359.3699951171875,10942000,363.3500061035156,6.589996337890625,-3.910003662109375,358.34800415039064,360.5220001220703,360.55650024414064,4.30835908887419,360.078393864508,358.66134979926693,355.4146521860734,348.9534677232772,56.255570171338334
2021-08-24,367.9599914550781,361.8399963378906,363.6600036621094,363.3500061035156,9235100,365.510009765625,6.1199951171875,-1.850006103515625,359.7600036621094,360.9600006103516,360.4415008544922,4.652217432370086,361.28541962031176,359.2839553622362,355.9915691891001,349.546352241406,58.12738117159141
2021-08-25,370.8599853515625,365.3999938964844,365.6000061035156,365.510009765625,9684500,368.3900146484375,5.459991455078125,-2.790008544921875,362.34800415039064,361.8030029296875,360.1970016479492,5.078500399420094,362.8642185154509,360.1117790684618,356.70009744132363,350.2210734478173,60.55118052987802
2021-08-26,369.44000244140625,364.1300048828125,368.3800048828125,368.3900146484375,7888700,364.3800048828125,5.30999755859375,4.0,364.20000610351565,361.9760040283203,360.50000152587893,5.114515251922179,363.2010599304202,360.4997996544589,357.1389759586186,350.7280052982508,55.71527600201785
2021-08-27,373.739990234375,364.0799865722656,365.1000061035156,364.3800048828125,11219100,372.6300048828125,9.660003662109375,-7.529998779296875,366.8520080566406,362.92100524902344,361.3165023803711,5.727234737211089,365.2963810309518,361.60254573266,358.024228320512,351.51209247520586,62.373288013448885
2021-08-30,381.489990234375,370.5199890136719,372.55999755859375,372.6300048828125,13547300,380.6600036621094,10.970001220703125,-8.100006103515625,370.3140075683594,364.331005859375,362.752001953125,7.033857208875198,368.7105193934313,363.3350421199464,359.3177710598698,352.55549260486066,67.49573218420724
2021-08-31,382.760009765625,378.79998779296875,379.95001220703125,380.6600036621094,12345400,379.3800048828125,3.96002197265625,0.57000732421875,373.0880065917969,366.42400512695315,364.15900268554685,7.123370408711712,371.0815161688494,364.79367526056046,360.46424280248647,353.515643467035,65.9543748528342
2021-09-01,384.3299865722656,378.80999755859375,379.5899963378906,379.3800048828125,11567200,382.04998779296875,5.519989013671875,-2.459991455078125,375.82000122070315,369.08400268554686,365.3155014038086,7.4442828433484864,373.51895430754263,366.3624311038841,361.69777316995254,354.5369145005521,67.61566544798373
2021-09-02,381.75,374.05999755859375,381.5,382.04998779296875,14832900,375.2799987792969,7.69000244140625,6.220001220703125,378.0,371.1000030517578,365.9310012817383,6.612910215086887,373.91029752348805,367.173119148866,362.47393548382945,355.27927209998785,59.66557145094252
2021-09-03,377.1600036621094,373.1099853515625,374.75,375.2799987792969,7509600,376.260009765625,4.050018310546875,-1.510009765625,378.7260009765625,372.78900451660155,366.5685012817383,6.006182328839794,374.4324557995185,367.9992001830298,363.2617447826126,356.0300793922005,60.391577348077746
2021-09-07,382.9599914550781,373.1499938964844,375.8800048828125,376.260009765625,10793800,382.17999267578125,9.80999755859375,-6.29998779296875,379.0299987792969,374.6720031738281,367.59700164794924,3.6802870603391473,376.15413066091025,369.28836323481255,364.3428310258877,356.96580180454555,64.54337198162676
2021-09-08,380.8699951171875,374.7900085449219,380.1600036621094,382.17999267578125,11067200,377.57000732421875,6.079986572265625,2.589996337890625,378.6679992675781,375.8780029296875,368.4190017700195,2.7593779595571784,376.4687699194233,370.04124002218754,365.09869835192603,357.7030314820701,59.328148907192244
2021-09-09,379.8299865722656,376.57000732421875,377.6400146484375,377.57000732421875,9098900,378.0,3.259979248046875,-0.3599853515625,377.8580017089844,376.83900146484376,369.3210021972656,2.683511055478781,376.80904327066264,370.76476370194143,365.8359419642244,358.42921993676686,59.65560317997387
2021-09-10,383.7900085449219,378.260009765625,381.3599853515625,378.0,11549600,378.69000244140625,5.529998779296875,2.66998291015625,378.5400024414063,378.27000122070314,370.12300262451174,2.6658826697605904,377.2270341974946,371.4852399920892,366.570484482774,359.15406741334385,60.20922521957207
2021-09-13,381.75,374.3500061035156,381.67999267578125,378.69000244140625,13026300,376.510009765625,7.399993896484375,5.16998291015625,378.5900024414062,378.6580017089844,370.7895034790039,2.2529114413830524,377.067695434857,371.9420372679213,367.1384754202917,359.77495340755956,57.523482511325625
2021-09-14,378.5899963378906,375.1099853515625,377.3999938964844,376.510009765625,8711600,376.5299987792969,3.480010986328125,0.8699951171875,377.4600036621094,378.2450012207031,371.2880035400391,2.062854847926762,376.94820728917705,372.3591246977126,367.67514999085705,360.3743075026796,57.54218416582536
2021-09-15,377.55999755859375,367.6700134277344,377.0,376.5299987792969,17940300,373.9200134277344,9.889984130859375,3.079986572265625,376.7300048828125,377.6990020751953,372.0615036010742,2.523057160389084,376.27527531996765,372.5010236792516,368.032009419536,360.8588307719588,54.18742732701071
2021-09-16,373.55999755859375,369.7099914550781,372.7900085449219,373.9200134277344,11934200,373.05999755859375,3.850006103515625,-0.269989013671875,375.74200439453125,376.8000030517578,372.94200286865237,2.100371222737623,375.56076915077347,372.5518394884447,368.31933068667615,361.29523643413586,53.08909663910302
2021-09-17,371.4100036621094,361.5899963378906,371.4100036621094,373.05999755859375,26299000,364.7200012207031,9.82000732421875,6.69000244140625,372.9480041503906,375.74400329589844,373.4220031738281,4.761386751828147,373.1517096107579,371.83985416615485,368.11364954760717,361.41772530662826,43.81447368081956
2021-09-20,361.0299987792969,349.79998779296875,359.29998779296875,364.7200012207031,19822800,355.70001220703125,11.230010986328125,3.5999755859375,368.7860046386719,373.68800354003906,373.23850402832034,8.223210656857766,369.273554632152,370.3725957589814,367.4042820320183,361.21323819100576,36.40656720493358
2021-09-21,360.0400085449219,355.19000244140625,358.5,355.70001220703125,11751900,357.4800109863281,4.850006103515625,1.019989013671875,364.97600708007815,371.21800537109374,372.94500427246095,8.925832244405676,366.65276715530234,369.20054256351654,366.8371681580466,361.079730430672,38.612323202904946
2021-09-22,349.8399963378906,340.69000244140625,347.2300109863281,357.4800109863281,43692900,343.2099914550781,9.149993896484375,4.02001953125,358.83400268554686,367.78200378417966,371.8300033569336,12.110614974391838,361.4432614441414,366.83776512713507,365.4870153316,360.44070290520426,29.71419410624293
2021-09-23,349.6700134277344,343.0,345.3599853515625,343.2099914550781,21806300,345.9599914550781,6.670013427734375,-0.600006103515625,353.41400146484375,364.5780029296875,370.7085021972656,12.14782366817753,358.00253477990515,364.9397856564788,364.37116323163184,359.9228919127801,32.92226508227337
2021-09-24,354.3500061035156,342.3699951171875,343.239990234375,345.9599914550781,18801900,352.9599914550781,11.980010986328125,-9.720001220703125,351.06199951171874,362.0050018310547,370.1375015258789,10.350687399615627,356.8819695966103,363.85071343239576,363.7190840608534,359.67391889877763,40.381700424675266
2021-09-27,355.1499938964844,347.0799865722656,349.80999755859375,352.9599914550781,15205800,353.5799865722656,8.07000732421875,-3.769989013671875,350.63799438476565,359.7119995117188,369.18500061035155,7.182035684951955,356.1481955912004,362.9170109718947,363.1396968308023,359.45602697623866,41.00744869302118
2021-09-28,349.6000061035156,338.9200134277344,347.9700012207031,353.5799865722656,21710300,340.6499938964844,10.67999267578125,7.32000732421875,347.27199096679686,356.1239990234375,367.1845001220703,6.5807398842784135,352.70415077015247,360.8927366555128,361.85454955270455,358.7836346048189,33.1847979288902
2021-09-29,345.2300109863281,338.8800048828125,343.1499938964844,340.6499938964844,14452200,339.6099853515625,6.350006103515625,3.540008544921875,346.55198974609374,352.6929962158203,365.1959991455078,7.026143581675514,349.79433623268807,358.95794105045144,360.5834116447642,358.09812573398557,32.64536673663394
2021-09-30,342.79998779296875,338.1499938964844,340.45001220703125,339.6099853515625,16547100,339.3900146484375,4.649993896484375,1.05999755859375,345.2379943847656,349.3259979248047,363.06300048828126,6.062611988590809,347.4822647695213,357.1790386235423,359.3723424634899,357.42928675176177,32.524939148193134
2021-10-01,345.0199890136719,338.6400146484375,341.6099853515625,339.3900146484375,14905300,343.010009765625,6.379974365234375,-1.4000244140625,343.247998046875,347.1549987792969,361.44950103759766,6.073197524263493,346.48843032421104,355.89094507341144,358.4373389759294,356.913798165004,36.665620254631904
2021-10-04,335.94000244140625,322.70001220703125,335.5299987792969,343.010009765625,42885000,326.2300109863281,13.239990234375,9.29998779296875,337.7780029296875,344.20799865722654,358.9480010986328,9.291436553648541,341.9865593602371,353.19449648655996,356.5968960184471,355.81689310888817,28.067540317078127
2021-10-05,335.17999267578125,326.1600036621094,328.5799865722656,326.2300109863281,35377900,332.9599914550781,9.019989013671875,-4.3800048828125,336.24000244140626,341.75599670410156,356.4870010375977,8.471655001194904,339.9806553813129,351.35499600838887,355.2461990017013,354.99981702861305,34.6832103435657
2021-10-06,334.3800048828125,325.79998779296875,329.739990234375,332.9599914550781,26443000,333.6400146484375,8.58001708984375,-3.9000244140625,335.04600830078124,340.7989990234375,354.2905014038086,5.828245974965174,338.5716241073406,349.7445431409585,354.01154545461173,354.2362837647837,35.330417906940326
2021-10-07,338.8399963378906,328.9800109863281,337.0,333.6400146484375,28307500,329.2200012207031,9.8599853515625,7.779998779296875,333.0120056152344,339.125,351.85150146484375,6.067543670737076,336.49348568808784,347.87867567625653,352.5948701607566,353.34207357433644,33.03887225064712
2021-10-08,333.3999938964844,328.7099914550781,331.510009765625,329.2200012207031,15946100,330.04998779296875,4.69000244140625,1.46002197265625,330.4200012207031,336.83399963378906,349.41950073242185,5.89516024195033,335.0615972669503,346.2578858549397,351.3065777726531,352.5095206925172,33.905784920674456
2021-10-11,330.4599914550781,325.30999755859375,327.6300048828125,330.04998779296875,14708200,325.45001220703125,5.149993896484375,2.17999267578125,330.2640014648438,334.0210021972656,346.8665008544922,5.928281287122145,332.9256894758572,344.36626096327336,349.82904525486254,351.5423337245875,31.473747822022794
2021-10-12,324.3800048828125,317.3699951171875,323.0299987792969,325.45001220703125,31658700,323.7699890136719,7.010009765625,-0.739990234375,328.4260009765625,332.3330017089844,344.22850036621094,3.776842024391725,330.8910893731494,342.49387259109557,348.3399425621161,350.5496963435318,30.610160160650846
2021-10-13,327.0,322.6600036621094,326.9700012207031,323.7699890136719,14761500,324.5400085449219,4.339996337890625,2.42999267578125,326.6059997558594,330.8260040283203,341.75950012207034,4.012203999609425,329.47973807798775,340.861703121953,346.979934479548,349.62008543837334,31.537379820079565
2021-10-14,330.5199890136719,327.1000061035156,328.3599853515625,324.5400085449219,14302200,328.5299987792969,3.41998291015625,-0.170013427734375,326.46799926757814,329.74000244140626,339.53300018310546,3.5132383600490242,329.2686849005009,339.74063908430884,345.9256437760295,348.8663258399976,36.288126741751505
2021-10-15,329.07000732421875,322.510009765625,328.67999267578125,328.5299987792969,21596400,324.760009765625,6.55999755859375,3.91998291015625,325.4100036621094,327.9150024414063,337.5350006103516,2.5641835291335453,328.2667570927507,338.3787636845299,344.7161696046558,348.0047883662359,33.89483913630095
2021-10-18,335.8900146484375,327.5,328.95001220703125,324.760009765625,21585000,335.3399963378906,8.3900146484375,-6.389984130859375,327.38800048828125,328.8260009765625,336.51699981689455,4.151563789142616,329.8385880361152,338.1025121062402,344.1803843611721,347.55217161608357,44.881325526717944
2021-10-19,342.4599914550781,337.2799987792969,339.6499938964844,335.3399963378906,18786300,339.989990234375,5.17999267578125,-0.339996337890625,330.6320007324219,329.5290008544922,335.6424987792969,6.310915092877801,332.09445519128406,338.2741010277265,343.94093161894625,347.2819193975896,48.90097359416872
2021-10-20,343.9800109863281,339.45001220703125,343.45001220703125,339.989990234375,13639500,340.7799987792969,4.529998779296875,2.670013427734375,333.8799987792969,330.2429992675781,335.5209991455078,7.464078295579081,334.02457598862026,338.50190991513415,343.7603057122552,347.049563430384,49.573810044309745
2021-10-21,342.30999755859375,337.79998779296875,340.2799987792969,340.7799987792969,16354400,341.8800048828125,4.510009765625,-1.600006103515625,336.55,331.5089996337891,335.3169998168945,7.63598165579732,335.77022685399635,338.8090094587549,343.6528592926808,346.86482554304575,50.5501693798125
2021-10-22,329.6300048828125,321.1099853515625,326.3500061035156,341.8800048828125,35224500,324.6099853515625,8.52001953125,1.740020751953125,336.5199951171875,330.9649993896484,333.8994995117188,7.62204169634536,333.2901731867888,337.51818908115325,342.564688785364,346.0695498906763,38.08301648531342
2021-10-25,329.55999755859375,319.7200012207031,320.29998779296875,324.6099853515625,38409000,328.69000244140625,9.839996337890625,-8.3900146484375,335.18999633789065,331.28899841308595,332.6550003051758,7.604177373967117,332.2679130211483,336.7156266569725,341.7718452501015,345.44850542668866,41.73877990289276
2021-10-26,330.2099914550781,309.6000061035156,328.260009765625,328.69000244140625,65654000,315.80999755859375,20.6099853515625,12.45001220703125,330.3539978027344,330.4929992675781,331.4130004882812,9.798045199656139,328.61059847391397,334.81511491562077,340.28830348252404,344.3894177559198,34.761240632823856
2021-10-27,319.25,312.05999755859375,314.19000244140625,315.80999755859375,29971800,312.2200012207031,7.19000244140625,1.970001220703125,324.6419982910156,329.26099853515626,330.04350128173826,12.24893490865734,324.96824352875603,332.7610136655823,338.6843927349773,343.2399139448649,33.10028899757593
2021-10-28,325.5199890136719,308.1099853515625,312.989990234375,312.2200012207031,50806800,316.9200134277344,17.410003662109375,-3.930023193359375,319.65,328.1,328.9200012207031,11.942864799303265,323.1797479507513,331.32092273165284,337.44070824325,342.2994472339839,37.32271054260731
2021-10-29,326.0,319.6000061035156,320.19000244140625,316.9200134277344,37059400,323.57000732421875,6.399993896484375,-3.3800048828125,319.44200439453124,327.9809997558594,327.9480010986328,9.9630733282104,323.2664722559663,330.6162940568192,336.6480933525872,341.6302159797907,42.82161502305677
2021-11-01,333.45001220703125,326.0,326.0400085449219,323.57000732421875,31518900,329.9800109863281,7.45001220703125,-3.94000244140625,319.70000610351565,327.44500122070315,328.1355010986328,6.792066541211002,324.7583697516023,330.55845014121326,336.26705852908776,341.2139436827168,47.594334650826845
2021-11-02,334.7900085449219,323.79998779296875,331.3800048828125,329.9800109863281,28353000,328.0799865722656,10.990020751953125,3.300018310546875,322.15400390625,326.2540008544922,327.89150085449216,7.157842042987482,325.4965068228608,330.3331352709309,335.79922405679247,340.74466338497365,46.3590857172005
2021-11-03,332.1499938964844,323.20001220703125,327.489990234375,328.0799865722656,20786500,331.6199951171875,8.949981689453125,-4.1300048828125,326.03400268554685,325.33800048828124,327.7904998779297,7.669276328172567,326.85728199937785,330.4501225298599,335.5604101134653,340.4186414244802,49.01417128863824
2021-11-04,337.2699890136719,332.6499938964844,334.010009765625,331.6199951171875,22495300,335.8500061035156,4.6199951171875,-1.839996337890625,329.82000122070315,324.73500061035156,328.1220001220703,8.41619024077459,328.85566513363074,330.94102103723657,335.57695851201106,340.25540782601047,52.067240512935
2021-11-05,346.7900085449219,339.6400146484375,340.30999755859375,335.8500061035156,26872800,341.1300048828125,7.149993896484375,-0.82000732421875,333.3320007324219,326.3870025634766,328.6760009765625,7.9128727683012325,331.5832961890045,331.86729229709294,335.89427646458194,340.2866559971348,55.63811184393572
2021-11-08,344.7900085449219,338.3399963378906,344.4200134277344,341.1300048828125,18342500,338.6199951171875,6.45001220703125,5.800018310546875,335.05999755859375,327.3800018310547,329.3345001220703,6.181956904598746,333.14700706193406,332.4811743723505,336.05003228687406,340.2271093110864,53.59409267253333
2021-11-09,341.30999755859375,334.4700012207031,340.0,338.6199951171875,17556700,335.3699951171875,6.839996337890625,4.6300048828125,336.51799926757815,329.33600158691405,329.9145004272461,4.714318931867892,333.641004407546,332.74379444033656,336.0111729093074,340.053576079591,50.98238043378086
2021-11-10,333.19000244140625,325.510009765625,332.489990234375,335.3699951171875,21872600,327.6400146484375,7.67999267578125,4.8499755859375,335.7220031738281,330.8780029296875,330.0695007324219,5.141779867898382,332.3074511277442,332.2798144588154,335.532819723536,339.6100747381094,45.32487783037411
2021-11-11,332.4599914550781,327.0,329.82000732421875,327.6400146484375,12376600,327.739990234375,5.459991455078125,2.08001708984375,334.1,331.9600006103516,330.0300003051758,5.208681284403003,331.29245981810664,331.86710316532907,335.0875140532976,339.1859957470743,45.409254799415876
2021-11-12,341.8599853515625,329.7799987792969,330.17999267578125,327.739990234375,25414300,340.8900146484375,12.079986572265625,-10.71002197265625,334.052001953125,333.69200134277344,330.8365005493164,5.662645387745934,333.4252497804024,332.68736784625366,335.4190863077859,339.2468739693497,55.20210387617157
2021-11-15,353.6499938964844,343.20001220703125,344.3399963378906,340.8900146484375,25076600,347.55999755859375,10.449981689453125,-3.220001220703125,335.8400024414062,335.45,331.44750061035154,7.329628827627459,336.56630484222273,334.03942509379215,336.11285422724865,339.5438672276428,59.20001292268567
2021-11-16,346.6499938964844,340.8699951171875,343.8299865722656,347.55999755859375,18181100,342.9599914550781,5.779998779296875,0.8699951171875,337.3580017089844,336.93800048828126,331.5960006713867,7.531633724223365,337.987124089524,334.85038567261546,336.50412004242764,339.6659096993597,55.520049468346215
2021-11-17,347.29998779296875,340.1000061035156,344.239990234375,342.9599914550781,13602800,340.7699890136719,7.199981689453125,3.470001220703125,339.98399658203124,337.8529998779297,331.59550018310546,7.639673795474856,338.60553851711245,335.3885314312098,336.74788447162496,339.7053529570676,53.80523510681776
2021-11-18,342.4599914550781,335.29998779296875,339.7200012207031,340.7699890136719,17487200,338.69000244140625,7.160003662109375,1.029998779296875,342.1739990234375,338.1369995117187,331.43600006103514,7.583802520633474,338.6243082780666,335.6886651595699,336.8588628507954,339.66907992707144,52.157510095159424
2021-11-19,352.1000061035156,339.8999938964844,342.20001220703125,338.69000244140625,26488500,345.29998779296875,12.20001220703125,-3.0999755859375,343.0559936523438,338.5539978027344,332.47050018310546,6.393094465040448,340.10779261471157,336.56242176303084,337.3412137058907,339.87023999176307,56.69601409509712
2021-11-22,353.8299865722656,340.510009765625,349.04998779296875,345.29998779296875,27116800,341.010009765625,13.319976806640625,8.03997802734375,341.74599609375,338.7929992675781,333.0865005493164,3.054003191753953,340.3082853149146,336.9667479452635,337.5508595467882,339.9109570267607,53.17060283712878
2021-11-23,341.3999938964844,333.5,338.92999267578125,341.010009765625,17225000,337.25,7.899993896484375,1.67999267578125,340.6039978027344,338.9809997558594,334.1585006713867,3.6218419795343673,339.62866635604473,336.9924981320681,337.53366754548756,339.8158981473992,50.222938884495605
2021-11-24,341.7799987792969,332.80999755859375,336.0,337.25,13566200,341.05999755859375,8.970001220703125,-5.05999755859375,340.66199951171876,340.322998046875,335.6005004882812,2.639015816556871,339.9467399566112,337.36227080734176,337.73517241823794,339.86034140481075,53.06247242849281
2021-11-26,337.75,331.8999938964844,335.79998779296875,341.05999755859375,14750700,333.1199951171875,5.850006103515625,2.67999267578125,339.547998046875,340.8609985351562,336.4104995727539,3.79296529512631,338.42968554785045,336.97660938083607,337.4714476301315,339.6195565759388,47.04011228440869
2021-11-29,340.6700134277344,335.30999755859375,336.8900146484375,333.1199951171875,16650900,338.0299987792969,5.360015869140625,-1.139984130859375,338.0940002441406,340.5749969482422,337.1334991455078,3.7934817548430404,338.34086626594967,337.07237205345234,337.5033648809787,339.56277342529455,50.76169916629034
2021-11-30,335.80999755859375,323.42999267578125,335.0,338.0299987792969,25390000,324.4599914550781,12.3800048828125,10.540008544921875,334.78399658203125,338.26499633789064,336.8574981689453,6.765932848157466,335.2562274190894,335.9257919987401,336.7580283247738,339.02326714986117,41.98120504362601
2021-12-01,330.5,310.2900085449219,330.2900085449219,324.4599914550781,30329600,310.6000061035156,20.209991455078125,19.69000244140625,329.45399780273436,335.02899780273435,335.98349914550784,11.127433516270798,329.77706712673967,333.62344782587274,335.26328243580735,338.00793072581007,35.27058251511753
2021-12-02,314.6000061035156,307.20001220703125,311.3999938964844,310.6000061035156,24396200,310.3900146484375,7.399993896484375,1.009979248046875,323.32000122070315,331.9910003662109,334.9220001220703,12.962603689654541,325.4688332426726,331.5113175365361,333.84195126820555,337.02137048903444,35.17883108344878
2021-12-03,313.75,299.5,313.7300109863281,310.3900146484375,27471000,306.8399963378906,14.25,6.8900146484375,318.0640014648437,328.8059997558594,333.47149963378905,14.310704320552638,321.3290917082766,329.2684701543788,332.29898079809254,335.9432470942912,33.5880911139502
2021-12-06,320.1000061035156,306.3399963378906,308.1300048828125,306.8399963378906,21758300,317.8699951171875,13.760009765625,-9.739990234375,314.03200073242186,326.06300048828126,332.3084991455078,12.078188442432511,320.5604035769235,328.2322451508036,331.4744665159387,335.29764840583874,42.31586921882081
2021-12-07,326.5400085449219,321.0,321.57000732421875,317.8699951171875,18794000,322.80999755859375,5.540008544921875,-1.239990234375,313.702001953125,324.2429992675781,331.51799926757815,10.799161683261866,321.060313350628,327.7393135514278,330.9793535428412,334.8515773235484,45.7542936503645
2021-12-08,332.75,323.07000732421875,325.0,322.80999755859375,19937700,330.55999755859375,9.67999267578125,-5.55999755859375,317.6940002441406,323.5739990234375,331.2774993896484,8.746274602249594,323.1713542857315,327.9957393703008,330.9553903226928,334.6982789293577,50.717424751348965
2021-12-09,336.1300048828125,328.0,329.5400085449219,330.55999755859375,16879200,329.82000732421875,8.1300048828125,-0.279998779296875,321.5799987792969,322.45,331.3864990234375,9.63192079164079,324.64883273872874,328.1615819115894,330.8905112404772,334.52402459420716,50.24472020421984
2021-12-10,335.0299987792969,326.3699951171875,332.55999755859375,329.82000732421875,14528000,329.75,8.660003662109375,2.80999755859375,326.16199951171876,322.1130004882813,331.48699951171875,9.761698795928906,325.7824254634557,328.30598355600887,330.825339118703,334.3534950760606,50.19705373459876
2021-12-13,341.0899963378906,329.5899963378906,330.95001220703125,329.75,22948700,334.489990234375,11.5,-3.53997802734375,329.4859985351562,321.7589996337891,331.1669982910156,9.583134005312044,327.71743985699334,328.8681659813803,331.03474790805785,334.35837069274015,53.419220118565676
2021-12-14,335.70001220703125,327.6499938964844,328.04998779296875,334.489990234375,20461000,333.739990234375,8.050018310546875,-5.69000244140625,331.6719970703125,322.68699951171874,330.4759979248047,6.003178187067812,329.0557843853004,329.31105909533574,331.1893332911547,334.33628222694136,52.836718330928846
2021-12-15,342.1099853515625,323.9800109863281,332.489990234375,333.739990234375,24681300,341.6600036621094,18.129974365234375,-9.170013427734375,333.8919982910156,325.7929992675781,330.41099853515624,5.754597386353022,331.8567220023691,330.43369041969584,331.7876577039528,334.59788310044684,58.04007675070814
2021-12-16,344.4599914550781,333.739990234375,338.9800109863281,341.6600036621094,22635000,334.8999938964844,10.720001220703125,4.08001708984375,334.9079956054687,328.24399719238284,330.11749877929685,4.199336875281089,332.53300464550586,330.83971800853027,331.96550559613235,334.60867433871715,52.69610302334686
2021-12-17,337.1099853515625,330.75,332.79998779296875,334.8999938964844,40012600,333.7900085449219,6.3599853515625,-0.990020751953125,335.71599731445315,330.9389984130859,329.8724990844727,3.986833785137064,332.8123388453761,331.1079262391326,332.0697629681522,334.57943218008364,51.851883329806356
2021-12-20,329.8999938964844,322.5299987792969,329.7799987792969,333.7900085449219,17901800,325.45001220703125,7.3699951171875,4.329986572265625,333.9080017089844,331.69700012207034,328.88000030517577,4.9742364519869655,331.1762662590773,330.59357041799535,331.6914912885738,334.2533374367956,45.90159449707679
2021-12-21,336.0,323.75,326.4100036621094,325.45001220703125,16116800,334.20001220703125,12.25,-7.790008544921875,334.0000061035156,332.83600158691405,328.5395004272461,4.707656446585364,331.8482098030671,330.9214287624747,331.8348354152001,334.2514327163098,52.11082451525268
2021-12-22,334.510009765625,328.260009765625,333.79998779296875,334.20001220703125,16764600,330.45001220703125,6.25,3.3499755859375,331.7580078125,332.8250030517578,328.19950103759766,4.886518245580764,331.53749922617027,330.87857271197726,331.75570262185596,334.1156506507109,49.48919354795893
2021-12-23,336.6700134277344,328.3599853515625,330.1000061035156,330.45001220703125,13987700,335.239990234375,8.310028076171875,-5.139984130859375,331.8260070800781,333.36700134277345,327.9085006713867,4.933723214362505,332.3602750057713,331.27506521403495,331.95480486269275,334.1558104978287,52.75849012681831
2021-12-27,347.8699951171875,338.010009765625,338.8500061035156,335.239990234375,17795000,346.17999267578125,9.8599853515625,-7.329986572265625,334.30400390625,335.01000061035154,328.5615005493164,6.268849573031166,335.4313233768847,332.6300586197151,332.7676730901363,334.58529571461537,59.246397021111484
2021-12-28,352.7099914550781,345.20001220703125,346.6300048828125,346.17999267578125,16637600,346.2200012207031,7.509979248046875,0.410003662109375,338.4580017089844,336.18300170898436,328.9710006713867,7.7336425514907345,337.8288073421777,333.8655079471331,333.5363778689599,335.00086769333416,59.26842791065589
2021-12-29,349.69000244140625,341.6400146484375,346.9100036621094,346.2200012207031,10747000,342.94000244140625,8.04998779296875,3.970001220703125,340.20599975585935,337.1030029296875,329.89500122070314,8.076748830540208,338.9646284753396,334.69046199210067,334.07372805162686,335.28443900236226,56.56853485370883
2021-12-30,347.2300109863281,343.2200012207031,344.0,342.94000244140625,10593300,344.3599853515625,4.010009765625,-0.3599853515625,342.9879943847656,337.3730010986328,331.58300018310547,6.480864329934759,340.1635966700559,335.5695095702662,334.66151439664384,335.6085995893331,57.47175727757086
2021-12-31,343.44000244140625,336.2699890136719,343.0199890136719,344.3599853515625,12870500,336.3500061035156,7.170013427734375,6.66998291015625,343.2099975585937,337.51800231933595,332.88099975585936,6.208646083054933,339.3161320997136,335.64046380056396,334.75799967009425,335.635081066372,51.025462814195045
